Contrato,Objeto,tipo_obra,Endereco,Bairro,inicio,Fim,unidade_gestora,Aditivo,Tipo_contrato,CNPJ,Empresa,orgao_solicitante,modalidade_licitacao,licitacao,processo,Prazo,prazo_dias,Valor
030/2024/SEMINF,"constitui objeto do presente instrumento a prorrogação do prazo de vigência do contrato nº 030/2024-seminf, referente à contratação de empresa especializada em construção civil para execução das obras de construção de praça no aterrado do imburo, no bairro ajuda de cima, macaé, com fornecimento de materiais, equipamentos e mão-de-obra.",Urbanização,,Ajuda De Cima,2025-06-09T00:00:00Z,2025-05-12T00:00:00Z,Prefeitura Municipal de Macaé,1º Aditivo,Obras e Serviços de Engenharia,10530789/0001-46,Construtora Lms Ltda,Secretaria Executiva De Obras,Concorrência Pública,001/2024SEMINF,76403/2023,90 DIAS,90,1749940.75
041/2025SEMINF,"contratação de empresa especializada em construção civil, para construção do prédio do hemocentro, localizado à rua são joão, s/n ? centro, com fornecimento de materiais, mão de obra e equipamentos necessários",Saúde,Rua são joão,,2025-12-12T00:00:00Z,2027-03-10T00:00:00Z,Prefeitura Municipal de Macaé,Contrato Original,Obras e Serviços de Engenharia,08.579.251/0001-84,Construtora M. Alves Ltda,Secretaria Municipal De Saúde,Concorrência Eletrônica,020/2025SEMINF,76408/2023,660 DIAS,660,1.65E7
040/2025SEMINF,"contratação de empresa especializada em construção civil para construção de 3 tabuleiros de pontes no sana (são bento, jaccoud e boa sorte 2), localizada em macaé/rj, com fornecimento de materiais, mão de obra e equipamentos necessários",Construção,,,2025-11-27T00:00:00Z,2026-06-29T00:00:00Z,Prefeitura Municipal de Macaé,Contrato Original,Obras e Serviços de Engenharia,31.654.440/0001-96,Silgui Comércio E Serviços Ltda,Secretaria Executiva De Interior,Concorrência Eletrônica,025/2025SEMINF,SEI-001656/2025,210 DIAS,210,1663930.25
037/2025SEMINF,"contratação de empresa especializada em construção civil para reforma e ampliação da guarda municipal, localizada no botafogo, macaé/rj, com fornecimento de materiais, equipamentos e mão-de-obra",Reforma,,Botafogo,2025-11-26T00:00:00Z,2027-09-17T00:00:00Z,Prefeitura Municipal de Macaé,Contrato Original,Obras e Serviços de Engenharia,01.309.292/0001-01,Sercon  Construções Ltda,Secretaria Municipal De Ordem Pública,Concorrência Eletrônica,021/2025SEMINF,38.705/2024,660 DIAS,660,9249000.39
036/2025SEMINF,"contratação de empresa especializada para execução de sistema de drenagem de águas pluviais na rua dos eucaliptos e entornos no bairro aroeira, localizados em macaé/rj, com fornecimento de materiais, equipamentos e mão de obra",Drenagem,Rua dos eucaliptos e entornos no bairro aroeira,Aroeira,2025-11-13T00:00:00Z,2027-06-01T00:00:00Z,Prefeitura Municipal de Macaé,Contrato Original,Obras e Serviços de Engenharia,63396878/0001-08,Consórcio Aroeira Macaé,Secretaria Executiva De Obras,Concorrência Eletrônica,018/2025SEMINF,11606/2025,420 DIAS,420,8925814.65
035/2025SEMINF,"contratação de empresa especializada em construção civil para execução das obras de construção de praça no jardim guanabara, localizado no bairro lagoa, macaé/rj, com fornecimento de materiais, equipamentos e mão-de-obra,",Urbanização,,Lagoa,2025-12-12T00:00:00Z,2027-05-02T00:00:00Z,Prefeitura Municipal de Macaé,Contrato Original,Obras e Serviços de Engenharia,37.079.460/0001-67,New Construções E Serviços Ltda,Secretaria Executiva De Obras,Concorrência Eletrônica,023/2025SEMINF,75851/2022,420 DIAS,420,3348742.63
033/2025SEMINF,"contratação de empresa especializada para prestação de serviços de locação, instalação, operação e manutenção de 10 (dez) banheiros públicos autolimpantes e sustentáveis, com projeto antivandalismo conforme condições, quantidades e exigências estabelecidas no termo de referência, para atender às necessidades da secretaria executiva de serviços públicos,",Outros,,,2025-10-21T00:00:00Z,2026-10-21T00:00:00Z,Prefeitura Municipal de Macaé,Contrato Original,Obras e Serviços de Engenharia,45.792.279/0001-21,Cleanse Mobiliarios Urbanos Ltda,Secretaria Executiva De Serviços Públicos,Pregão Eletrônico,058/2025SEMINF,SEI-001790/2025,01 ANO,1,1414800.0
032/2025SEMINF,"contratação de empresa especializada em construção civil para construção de praça, localizada à avenida alvares de azevedo, esquina com a avenida b, bairro da ajuda de baixo, macaé/rj, com fornecimento de materiais, equipamentos e mão-de-obra",Urbanização,Avenida alvares de azevedo,Da Ajuda De Baixo,2025-03-10T00:00:00Z,2026-11-27T00:00:00Z,Prefeitura Municipal de Macaé,Contrato Original,Obras e Serviços de Engenharia,17.232.744/0001-34,Consórcio Bruta- Serven,Secretaria Executiva De Obras,Concorrência Eletrônica,004/2025-SEMINF,39679/2024,420 DIAS,420,4141883.68
031/2025seminf,"contratação de empresa especializada em construção civil para execução da infraestrutura do bairro de piracema, macaé/rj, com fornecimento de materiais, equipamentos necessários e mão-de-obra",Construção,,De Piracema,2025-09-24T00:00:00Z,2027-04-17T00:00:00Z,Prefeitura Municipal de Macaé,Contrato Original,Obras e Serviços de Engenharia,"1,09488E+13",Saga Construtora Ltda,Secretaria Municipal De Infraestrutura,Concorrência Eletrônica,012/2024SEMINF,75346/2024,570 DIAS,570,5.061685192E7
029/2025SEMINF,"cláusula primeira - o presente instrumento objetiva incluir e alterar dados na cláusula terceira do contrato, conforme os elementos constantes do processo administrativo nº 401483/2024 as despesas oriundas deste contrato correrão por conta dos recursos orçamentários consignados ao município, programa de trabalho nº 103020009.2.254 e elemento de despesa nº 33.90.39.00.00 ?outros serviços de terceiros ? pe e, nota de empenho nº 001525/2025, emitida em 26/09/2025, vigente para o exercício de 2025",Outros,,,2025-08-09T00:00:00Z,2026-07-03T00:00:00Z,Prefeitura Municipal de Macaé,1º Termo de Apostilamento,Obras e Serviços de Engenharia,40.571.167/0001-27,Rh Serviços E Empreendimentos Ltda,Secretaria Municipal De Saúde,Concorrência Eletrônica,016/2025SEMINF,401483/2024,180 DIAS,180,194664.55
029/2025SEMINF,"cláusula primeira - o presente instrumento objetiva incluir e alterar dados na cláusula sexta do contrato, conforme os elementos constantes do processo administrativo nº 401483/2024. . os serviços a que se refere o presente contrato serão executados sob a direção e responsabilidade técnica da engenheira civil, cristiana calvet kallenbach c. aurenção, inscrita no crea-rj sob o nº 1986101053.",Outros,,,2025-08-09T00:00:00Z,2026-07-03T00:00:00Z,Prefeitura Municipal de Macaé,2º Termo de Apostilamento,Obras e Serviços de Engenharia,40.571.167/0001-27,Rh Serviços E Empreendimentos Ltda,Secretaria Municipal De Saúde,Concorrência Eletrônica,016/2025SEMINF,401483/2024,180 DIAS,180,194664.55
028/2025SEMINF,"cláusula primeira - o presente instrumento objetiva incluir e alterar dados na cláusula terceira do contrato, conforme os elementos constantes do processo administrativo nº 404157/2023 leia-se: as despesas oriundas deste contrato correrão por conta dos recursos orçamentários consignados ao município, programa de trabalho nº 103020009.2.254 e elemento de despesa nº 33.90.39.00.00 ?outros serviços de terceiros ? pe e, nota de empenho nº 001524/2025, emitida em 26/09/2025, vigente para o exercício de 2025",Outros,,,2025-08-09T00:00:00Z,2026-06-04T00:00:00Z,Prefeitura Municipal de Macaé,1º Termo de Apostilamento,Obras e Serviços de Engenharia,40.571167/0001-27,R H Serviços E Empreendimentos Ltda,Secretaria Municipal De Saúde,Concorrência Eletrônica,017/2025SEMINF,404157/2023,210 DIAS,210,228381.39
028/2025SEMINF,"cláusula primeira - o presente instrumento objetiva incluir e alterar dados na cláusula sexta do contrato, conforme os elementos constantes do processo administrativo nº 404157/2023 os serviços a que se refere o presente contrato serão executados sob a direção e responsabilidade técnica da engenheira civil, cristiana calvet kallenbach c. aurenção, inscrita no crea-rj sob o nº 1986101053.",Outros,,,2025-08-09T00:00:00Z,2026-06-04T00:00:00Z,Prefeitura Municipal de Macaé,2º Termo de Apostilamento,Obras e Serviços de Engenharia,40751167/0001-27,R H Serviços E Empreendimentos Ltda,Secretaria Municipal De Saúde,Concorrência Eletrônica,017/2025SEMINF,404157/2023,210 DIAS,210,228381.39
027/2025SEMINF,"contratação de empresa especializada em construção civil para execução da obra de reforma do caps iii, localizado na rua conde de araruama, bairro centro, macaé/rj, com fornecimento de mão de obra, materiais e equipamentos necessários",Reforma,Rua conde de araruama,Centro,2025-08-21T00:00:00Z,2026-06-16T00:00:00Z,Prefeitura Municipal de Macaé,Contrato Original,Obras e Serviços de Engenharia,33157408/0001-20,Santos E Costa  Engenahria Ltda,Secretaria Municipal De Saúde,Concorrência Pública,007/2025SEMINF,76394/2023,300 DIAS,300,1603242.3
027/2025SEMINF,"cláusula primeira - o presente instrumento objetiva incluir e alterar dados na cláusula terceira do contrato, conforme os elementos constantes do processo administrativo nº 76.394/2023",Outros,,,2025-08-21T00:00:00Z,2026-06-16T00:00:00Z,Prefeitura Municipal de Macaé,1º Termo de Apostilamento,Obras e Serviços de Engenharia,33.157.408/0001-20,Santos E Costa  Engenahria Ltda,Secretaria Municipal De Saúde,Concorrência Eletrônica,007/2025SEMINF,76394/2023,300 DIAS,300,1603242.3
026/2025SEMINF,"cláusula primeira - o presente instrumento objetiva incluir e alterar dados no preâmbulo do contrato, conforme os elementos constantes do processo administrativo nº 600402/2025",Outros,,,2025-08-21T00:00:00Z,2026-08-21T00:00:00Z,Prefeitura Municipal de Macaé,1º Termo de Apostilamento,Obras e Serviços de Engenharia,62.446.878/0001-02,Macaé  Eficiência  Energética  Spe  Ltda,Secretaria Municipal De Educação,Pregão Eletrônico,021/2024CONLEST,600402/2025,01 ANO,1,3.678804043E7
026/2025SEMINF,"cláusula primeira - o presente instrumento objetiva alterar dados na cláusula terceira do contrato, conforme os elementos constantes do processo administrativo nº 600402/2025, leia-se: as despesas oriundas deste contrato correrão por conta dos recursos orçamentários consignados ao município, programas de trabalho nºs 123610079.2.173 e 123650021.2.215 , elemento de despesa nº 44.90.39.00.00 ? outros serviços de terceiros -pe, notas de empenhos nºs 002662/2025, 002663/2025, e 002664/2025, emitidas em 23/10/2025, vigente para o exercício de 2025",Outros,,,2025-08-21T00:00:00Z,2026-08-21T00:00:00Z,Prefeitura Municipal de Macaé,2º Termo de Apostilamento,Obras e Serviços de Engenharia,62446878/0001-02,Macaé  Eficiência  Energética  Spe  Ltda,Secretaria Municipal De Educação,Pregão Eletrônico,021/2024CONLEST,600402/2025,1 ANO,1,3.678804043E7
026/2025SEMINF,"contratação de empresa especializada para implantação de usina fotovoltaica projeto executivo e laudos fornecidos de equipamento e materiais com mão de obra especailizada, serviço e adequação da parte elétrica até o padrão de energia, para atender às necessidades da secretaria municipal de educação.",Outros,,,2025-08-21T00:00:00Z,2026-08-21T00:00:00Z,Prefeitura Municipal de Macaé,Contrato Original,Obras e Serviços de Engenharia,57.709.864/0001-02,Consórcio Ips Conleste Ltda,Secretaria Municipal De Educação,Pregão Eletrônico,021/2024CONLEST,600402/2025,01 ANO,1,3.678804043E7
024/2025SEMINF,"contratação de empresa especializada em engenharia elétrica para manutenção preventiva, corretiva e adequações de bens imóveis, equipamentos e componentes auxiliares relacionados às subestações elétricas pertencentes ou sob-responsabilidade jurídica do município de macaé - rj, com fornecimento de mão de obra especializada, materiais e equipamentos, para atender às necessidades da secretaria municipal adjunta de serviços públicos,",Outros,,,2025-07-24T00:00:00Z,2026-07-24T00:00:00Z,Prefeitura Municipal de Macaé,Contrato Original,Obras e Serviços de Engenharia,10471095/0001-85,Engecorp Manutenção E Serviços Ltda,Secretaria Executiva De Serviços Públicos,Concorrência Pública,009/2025SEMINF,33843/2024,01 ANO,1,5161661.83
023/2025SEMINF,"contratação de empresa especializada em construção civil para execução de sistema de iluminação pública no trecho entre a estrada de santa teresa rj 168 e o condominio laranjeiras, localizados em macaé/rj, com fornecimento de materiais, equipamentos e mão de obra",Construção,Estrada de santa teresa rj 168 e o condominio laranjeiras,,2025-07-21T00:00:00Z,2026-02-16T00:00:00Z,Prefeitura Municipal de Macaé,Contrato Original,Obras e Serviços de Engenharia,09388615/0001-01,Alper Energia Ltda,Secretaria Municipal De Infraestrutura,Concorrência Pública,015/2025SEMINF,75379/2024,210 DIAS,210,806283.99
020/2025SEMINF,"contratação de empresa especializada para instalação de sistemas de climatização, ventilação e exaustão mecânica no paço municipal, com fornecimento de mão de obra, materiais, equipamentos necessários e manutenção.",Outros,,,2025-06-25T00:00:00Z,2027-06-15T00:00:00Z,Prefeitura Municipal de Macaé,Contrato Original,Obras e Serviços de Engenharia,03.117803/0001-19,Walkam  Climatização Ltda,Secretaria Municipal De Infraestrutura,Concorrência Pública,006/2025SEMINF,75377/2024,720 DIAS,720,5995258.78
019/2025SEMINF,"contratação de empresa especializada para prestação de serviços de manutenção e conservação, visando o serviço continuo de limpeza de sarjetas, bueiros e roçada nas estradas vicinais da região serrana e do bairro imburo no município de macaé/rj, para atender às necessidades da secretaria municipal do interior",Outros,,Imburo No Município De Macaé,2025-06-23T00:00:00Z,2026-06-23T00:00:00Z,Prefeitura Municipal de Macaé,Contrato Original,Obras e Serviços de Engenharia,16.782.207/0001-03,Llc Comércio E Empreendimentos Ltda,Secretaria Executiva De Interior,Concorrência Pública,003/2025SEMINF,75554/2023,12 MESES,12,3147259.86
013/2025SEMINF,"contratação de empresa especializada para execução das obras de reforma e acréscimo no bicicross, localizado em macaé-rj, com mão de obra especializada, materiais e equipamentos necessários, sob o regime de execução indireta de empreitada por preço unitário, conforme processo administrativo nº 75.343/2024.",Reforma,,,2025-07-05T00:00:00Z,2026-02-03T00:00:00Z,Prefeitura Municipal de Macaé,Contrato Original,Obras e Serviços de Engenharia,16941560/0001-80,Fender Engenharia Ltda,Secretaria Municipal De Infraestrutura,Concorrência Pública,002/2025SEMINF,75343/2024,300 DIAS,300,1216903.84
012/2025SEMINF,"contratação de empresa especializada na prestação de serviços contínuos de manutenção da arborização urbana (poda, remoção, destocamento e trituração de árvores e controle fitossanitário), inclusive fornecimento dos materiais, equipamentos, mão de obra e supervisão técnica, em passeios públicos no município de macaé/rj",Outros,,,2025-04-25T00:00:00Z,2026-04-24T00:00:00Z,Prefeitura Municipal de Macaé,Contrato Original,Obras e Serviços de Engenharia,02.354917/0001-10,União Norte Fluminense  Engenharia E Comércio Ltda,Secretaria Executiva De Serviços Públicos,Pregão Eletrônico,021/2025SEMINF,32071/2024,12 MESES,12,1.895983214E7
011/2025SEMINF,"contratação de empresa especializada para execução de infraestrutura da localidade vale verde, localizado em macaé rj, com mão de obra especializada, materiais e equipamentos necessários",Outros,,,2025-04-09T00:00:00Z,2026-10-29T00:00:00Z,Prefeitura Municipal de Macaé,Contrato Original,Obras e Serviços de Engenharia,03.396992/0001-06,Cofranza Construtora Ltda,Secretaria Executiva De Obras,Concorrência Pública,042/2023SEMINF,76397/2023,420 DIAS,420,2.29004189E7
009/2025SEMINF,"constitui objeto do presente instrumento a prorrogação de 360 (trezentos e sessenta) dias de prazo contratual, e 120 (cento e vinte) dias de execução de serviços, bem como, o acréscimo no valor do contrato nº 009/2025-seminf, referente à contratação de empresa especializada em construção civil para construção de ponte na estrada da bicuda pequena, localizada em macaé/rj, com fornecimento de materiais, mão de obra e equipamentos necessários.",Construção,Estrada da bicuda pequena,,2025-07-12T00:00:00Z,2026-02-12T00:00:00Z,Prefeitura Municipal de Macaé,1º Aditivo,Obras e Serviços de Engenharia,00346071/0001-40,Procec  Engenharia S/a,Secretaria Executiva De Interior,Concorrência Eletrônica,013/2024SEMINF,75361/2024,360 DIAS,360,2820852.21
007/2025SEMINF,"contratação de empresa especializada em construção civil para execução das obras de reforma do posto de saúde jorge caldas para funcionamento do centro de imagens, macaé/rj, com fornecimento de mão de obra, materiais e equipamentos necessários,",Reforma,,,2025-02-17T00:00:00Z,2026-12-06T00:00:00Z,Prefeitura Municipal de Macaé,Contrato Original,Obras e Serviços de Engenharia,10471095/0001-85,Engecorp Manutenção E Serviços Ltda,Secretaria Municipal Adjunta De Atenção Básica,Concorrência Pública,007/2024SEMINF,75337/2024,480 DIAS,480,7310000.0
005/2025SEMINF,"? cláusula primeira - o presente instrumento objetiva incluir e alterar dados no preâmbulo do contrato, conforme os elementos constantes do processo administrativo nº 16.475/2024,",Outros,,,2025-06-02T00:00:00Z,2026-06-02T00:00:00Z,Prefeitura Municipal de Macaé,1º Termo de Apostilamento,Obras e Serviços de Engenharia,12089051/0001-10,Conserma  Engenharia Ltda,Secretaria Executiva De Serviços Públicos,Pregão Eletrônico,095/2024SEMINF,16475/2024,,,
003/2025SEMINF,"contratação de empresa especializada em construção civil para execução de sistema de drenagem e águas pluviais nos bairros novo horizonte e campo do oeste, localizados em macaé - rj, com fornecimento de materiais, equipamentos e mão de obra",Drenagem,,S Novo Horizonte E Campo Do Oeste,2025-01-29T00:00:00Z,2026-11-19T00:00:00Z,Prefeitura Municipal de Macaé,1º Termo de Apostilamento,Obras e Serviços de Engenharia,590070810001-02,Consórcio Grande Macaé,Secretaria Executiva De Obras,Concorrência Pública,011/2024SEMINF,75348/2024,,,
030/2025SEMIINF,"contratação de empresa especializada em construção civil para demolição e construção de novo castelo d'água do colégio estadual carlos walter, localizado na rua w18, lote 221, quadra 20, no bairro lagomar macaé/rj, com fornecimento de materiais, equipamentos e mão-de-obra,",Construção,Rua w18,Lagomar Macaé,2025-08-09T00:00:00Z,2026-06-04T00:00:00Z,Prefeitura Municipal de Macaé,Contrato Original,Obras e Serviços de Engenharia,19233416/0001-88,M C Construções E Empreendimentos Ltda,Secretaria Municipal De Educação,Concorrência Eletrônica,010/2025SEMINF,75333/2025,210 DIAS,210,382482.7
034/2025-SEMINF,"contratação de empresa especializada para construção de nova academia da praça washington luiz, localizada entre as ruas dr. télio barreto e rua tenente coronel amado, centro, macaé/rj, com fornecimento de mão de obra, materiais e equipamentos necessários",Urbanização,Rua tenente coronel amado,,2025-11-13T00:00:00Z,2026-08-09T00:00:00Z,Prefeitura Municipal de Macaé,Contrato Original,Obras e Serviços de Engenharia,37079460/0001-67,New Construções E Serviços Ltda,Secretaria Executiva De Obras,Concorrência Eletrônica,022/2025-SEMINF,33417/2023,300 DIAS,300,1349284.26
030/2024SEMINF,"constitui objeto do presente instrumento a prorrogação automática da vigência do contrato nº 030/2024-seminf, referente à contratação de empresa especializada em construção civil para execução das obras de construção de praça no aterrado do imburo, no bairro ajuda de cima, macaé, com fornecimento de materiais, equipamentos e mão-de-obra.",Urbanização,,Ajuda De Cima,2025-06-12T00:00:00Z,2026-06-03T00:00:00Z,Prefeitura Municipal de Macaé,1º Termo de Apostilamento,Obras e Serviços de Engenharia,10.530.789/0001-46,Construtora Lms Ltda,Secretaria Executiva De Obras,Concorrência Eletrônica,001/2024SEMINF,76403/2023,90 DIAS,90,1749840.75
029/2024SEMINF,"cláusula primeira: o presente 1º termo de apostilamento tem por objeto o reajuste dos preços referente à 1ª (primeira) periodicidade (março/2024 a março/2025) do contrato administrativo nº 029/2024 - seminf, pela contratação de empresa especializada em construção civil para construção de duas pontes na estrada da imbura, localizada em macaé/rj, com fornecimento de materiais, equipamentos necessários e mão-de-obra.",Construção,Estrada da imbura,,2025-08-07T00:00:00Z,2025-05-11T00:00:00Z,Prefeitura Municipal de Macaé,1º Termo de Apostilamento,Obras e Serviços de Engenharia,570647460001-86,Consórcio Estrada Da Imbura,Secretaria Executiva De Obras,Concorrência Eletrônica,002/2024SEMINF,SEI- 002673/202,12 MESES,12,78892.83
025/2024SEMINF,"constitui objeto do presente instrumento a prorrogação de 12 (doze) meses de prazo contratual (item 1), e de 180 (cento e oitenta) dias itens (2 a 6) do contrato nº 0252024-seminf, referente à contratação de empresa especializada na área de arquitetura, urbanismo e engenharia para prestação de serviço de apoio à gestão e elaboração de estudos, planos, programas e projetos básicos e executivos voltados ao atendimento das necessidades do município de macaé/rj no âmbito da sua secretaria municipal de educação",Outros,,,2025-07-15T00:00:00Z,2026-07-14T00:00:00Z,Prefeitura Municipal de Macaé,1º Aditivo,Obras e Serviços de Engenharia,05314789/0001-79,Quanta Consultoria Ltda,Secretaria Municipal De Educação,Concorrência Pública,045/2023SEMINF,18047/2023,12 MESES,12,6428709.5
020/2024SEMINF,"o acréscimo do objeto contratual resultará no reflexo financeiro no valor de r$ 1.432.868,68 (um milhão quatrocentos e trinta e dois mil oitocentos e sessenta e oito reais e sessenta e oito centavos),correspondente à 34,35 % (trinta e quatro virgula trinta e cinco por cento), conforme memorial descritivo projeto básico e planilha de rerratificação, constante às fls. 1991/2050, do processo.",Outros,,,2025-08-22T00:00:00Z,2026-01-18T00:00:00Z,Prefeitura Municipal de Macaé,2º Aditivo,Obras e Serviços de Engenharia,54784959/0001-94,Consórcio Veríssimo De Melo De Macaé,Secretaria Executiva De Obras,Concorrência Pública,043/2023SEMINF,76405/2023,150 DIAS,150,1432868.68
020/2024SEMINF,"contratação de empresa especializada para execução da obra de reforma da praça veríssimo de melo e construção de cobertura da área multiuso, bairro centro, macaé/rj, com fornecimento de mão de obra, materiais e equipamentos necessários.",Urbanização,,Centro,2025-02-23T00:00:00Z,2025-08-21T00:00:00Z,Prefeitura Municipal de Macaé,Contrato Original,Obras e Serviços de Engenharia,54.784.959/0001-94,Consórcio Veríssimo  De Melo De Macaé,Secretaria Municipal Adjunta De Obras,Concorrência Pública,043/2023SEMINF,76.405/2023,300 DIAS,300,4170244.31
020/2024SEMINF,"constitui objeto do presente instrumento a prorrogação do prazo de vigência do contrato nº 020/2024-seminf, referente à contratação de empresa especializada para execução da obra de reforma da praça veríssimo de melo e construção de cobertura da área multiuso, bairro centro, macaé/rj, com fornecimento de mão de obra, materiais e equipamentos necessários.",Urbanização,,Centro,2025-02-23T00:00:00Z,2025-08-21T00:00:00Z,Prefeitura Municipal de Macaé,1º Aditivo,Obras e Serviços de Engenharia,54784959/0001-94,Consórcio Veríssimo De Melo De Macaé,Secretaria Municipal Adjunta De Obras,Concorrência Pública,043/2023SEMINF,76405/2023,180 DIAS,180,
018/2024SEMINF,"constitui objeto do presente instrumento a prorrogação de 12 (doze) meses de vigência contratual bem como, o reajuste referente à 1ª (primeira) periodicidade, compreendendo o período de fevereiro/2024 a fevereiro/2025, do valor inicial do contrato nº 018/2024-seminf, referente à contratação de empresa especializada em operação e conservação de estação elevatória de águas pluviais com capacidade de bombeamento de 22.000 (vinte e dois mil) litros por segundo, incluindo a conservação e limpeza das galerias da macrodrenagem que atendem as bacias de influência da elevatória.",Drenagem,,,2025-04-24T00:00:00Z,2026-04-23T00:00:00Z,Prefeitura Municipal de Macaé,2º Aditivo,Obras e Serviços de Engenharia,54.603.224/0001-17,Consórcio Operaçõe Macaé,Secretaria Municipal De Infraestrutura,Concorrência Pública,037/2023SEMINF,76401/2023,12 MESES,12,1030038.02
016/2024SEMINF,"constitui objeto do presente instrumento a prorrogação de 240 (duzentos e quarenta) dias de vigência contratual e 120 (cento e vinte) dias de execução de obras, do contrato nº 016/2024-seminf, referente à contratação de empresa especializada para execução de obra de complementação da unidade básica de saúde namorado, localizada na rua luciano brochado do loteamento namorado, bairro parque atlântico, macaé/rj, com fornecimento de mão de obra, materiais e equipamentos necessários.",Outros,Rua luciano brochado do loteamento namorado,Parque Atlântico,2025-05-09T00:00:00Z,2026-03-05T00:00:00Z,Prefeitura Municipal de Macaé,2º Aditivo,Obras e Serviços de Engenharia,26116884/0001-38,Enge- Campos Construções Eireli,Secretaria Municipal De Saúde,Concorrência Pública,035/2023SEMINF,76385/2023,240 DIAS,240,1909289.73
013/2024SEMINF,"constitui objeto do presente instrumento a prorrogação do prazo de vigência do contrato nº 013/2024-seminf, referente à construção de quadra coberta, vestiário, academia e complementação das instalações do ginásio poliesportivo de macaé, localizado à avenida evaldo costa s/nº - bairro sol y mar, com fornecimento de materiais, mão de obra e equipamentos necessários.",Construção,Avenida evaldo costa s/nº - bairro sol y mar,Sol Y Mar,2025-07-30T00:00:00Z,2026-01-26T00:00:00Z,Prefeitura Municipal de Macaé,1º Aditivo,Obras e Serviços de Engenharia,01309292/0001-01,Sercon  Construções Ltda,Secretaria Executiva De Obras,Concorrência Pública,004/2023SEMINF,75331/2023,180 DIAS,180,1.21408217E7
013/2024SEMINF,"cláusula primeira: o presente 2º termo de apostilamento tem por objeto o reajuste dos preços referente à 2ª (segunda) periodicidade no período de maio/2024 a maio/2025, do contrato administrativo nº 013/2024- seminf, pela construção de quadra coberta, vestiário, academia e complementação das instalações do ginásio poliesportivo de macaé, localizado à avenida evaldo costa s/nº - bairro sol y mar, com fornecimento de materiais, mão de obra e equipamentos necessários.",Construção,Avenida evaldo costa s/nº - bairro sol y mar,Sol Y Mar,2025-07-30T00:00:00Z,2026-01-26T00:00:00Z,Prefeitura Municipal de Macaé,2º Termo de Apostilamento,Obras e Serviços de Engenharia,01309292/0001-01,Sercon  Construções Ltda,Secretaria Executiva De Obras,Concorrência Pública,004/2023SEMINF,76867/2024,12 MESES,12,97046.89
013/2024SEMINF,"o presente 1º termo de apostilamento tem por objeto o reajuste dos preços referente à 1ª (primeira) periodicidade no período de maio/2023 a maio/2024, do contrato administrativo nº 013/2024- seminf, pela construção de quadra coberta, vestiário, academia e complementação das instalações do ginásio poliesportivo de macaé, localizado à avenida evaldo costa s/nº - bairro sol y mar, com fornecimento de materiais, mão de obra e equipamentos necessários.",Construção,Avenida evaldo costa s/nº - bairro sol y mar,Sol Y Mar,2025-07-30T00:00:00Z,2026-01-26T00:00:00Z,Prefeitura Municipal de Macaé,1º Termo de Apostilamento,Obras e Serviços de Engenharia,"1,30929E+12",Sercon  Construções Ltda,Secretaria Executiva De Obras,Concorrência Pública,004/2023SEMINF,76867/2024,,,409047.34
013/2024SEMINF,"constitui objeto do presente instrumento a alteração do valor inicial do contrato nº 013/2024-seminf, referente à construção de quadra coberta, vestiário, academia e complementação das instalações do ginásio poliesportivo de macaé, localizado à avenida evaldo costa s/nº - bairro sol y mar, com fornecimento de materiais, mão de obra e equipamentos necessários",Construção,Avenida evaldo costa s/nº - bairro sol y mar,Sol Y Mar,2025-07-30T00:00:00Z,2026-01-26T00:00:00Z,Prefeitura Municipal de Macaé,2º Aditivo,Obras e Serviços de Engenharia,01309292/0001-01,Sercon  Construções Ltda,Secretaria Executiva De Obras,Concorrência Pública,004/2023SEMINF,75331/2023,,,4191350.94
011/2024SEMINF,"constitui objeto do presente instrumento a prorrogação de 90 (noventa) dias de prazo contratual, e 90 (noventa) dias de execução de obras, bem como, o acréscimo no valor do contrato nº 011/2024-seminf, referente à contratação de empresa especializada em construção civil para construção da base da secretaria municipal de ambiente e sustentabilidade no sana, localizada na estrada peito do pombo, lote s/n, sana (6º distrito), macaé/rj, com fornecimento de mão de obra, materiais e equipamentos necessários.",Construção,Estrada peito do pombo,,2025-11-16T00:00:00Z,2026-02-13T00:00:00Z,Prefeitura Municipal de Macaé,2º Aditivo,Obras e Serviços de Engenharia,29159914/0001-81,C R Nogueira Construçõees E Montagens Ltda,"Secretaria Municipal De Ambiente, Sustentabilidade E Clima",Concorrência Pública,036/2023SEMINF,75428/2023,90 DIAS,90,102452.8
009/2024SEMINF,"constitui objeto do presente instrumento a prorrogação de 180 (cento e oitenta) dias de prazo contratual, e 120 (cento e vinte dias de execução de serviços, bem como, o acréscimo no valor do contrato nº 009/2024-seminf, relativo à contratação de empresa especializada para construção de escola padrão infantil, localizada na rua zumbi dos palmares, parque aeroporto, macaé/rj, com fornecimento de mão de obra, materiais e equipamentos necessários,.",Educação,Rua zumbi dos palmares,,2025-05-07T00:00:00Z,2026-01-01T00:00:00Z,Prefeitura Municipal de Macaé,1º Aditivo,Obras e Serviços de Engenharia,08.298.136/0001-31,Rmfk Construções E Projetos Ltda,Secretaria Municipal De Educação,Concorrência Pública,031/2023SEMINF,75426/2023,180 DIAS,180,1509784.7
006/2024SEMINF,"constitui objeto do presente instrumento a prorrogação do prazo de vigência do contrato nº 006/2024-seminf, referente à contratação de empresa especializada em elaboração de projeto de urbanização de assentamento precário na localidade ilha colônia leocádia, no bairro malvinas, macaé-rj.",Outros,,Malvinas,2025-10-21T00:00:00Z,2026-04-19T00:00:00Z,Prefeitura Municipal de Macaé,2º Aditivo,Obras e Serviços de Engenharia,54.013.681/0001-51,Consórcio  Engebio Urbanização  E  Projetos,Secretaria Municipal De Infraestrutura,Concorrência Pública,026/2023SEMINF,75683/2021,180 DIAS,180,4350706.36
004/2024SEMINF,"constitui objeto do presente instrumento a prorrogação do prazo de vigência do contrato nº 004/2024-seminf, referente à contratação de empresa especializada para elaboração de projetos hospitalares para reforma e ampliação - hpm e hpmih - macaé-rj,",Reforma,,,2025-11-10T00:00:00Z,2026-08-06T00:00:00Z,Prefeitura Municipal de Macaé,3º Aditivo,Obras e Serviços de Engenharia,06164906/0001-28,Mep Arquitetura E Planejamento Ltda,Secretaria Municipal De Saúde,Concorrência Pública,020/2023SEMINF,76375/2022,240 DIAS,240,1866722.08
004/2024SEMINF,"constitui objeto do presente instrumento a prorrogação de 180 (cento e oitenta) dias de prazo contratual, e 180 (cento e oitenta) dias de execução de obras, bem como, o acréscimo no valor do contrato nº 004/2024-seminf, relativo à contratação de empresa especializada para elaboração de projetos hospitalares para reforma e ampliação - hpm e hpmih - macaé-rj.",Reforma,,,2025-04-14T00:00:00Z,2025-10-10T00:00:00Z,Prefeitura Municipal de Macaé,2º Aditivo,Obras e Serviços de Engenharia,06164906/0001-28,Mep Arquitetura E Planegjamento Ltda,Secretaria Municipal De Saúde,Concorrência Pública,020/2023SEMINF,76375/2022,180 DIAS,180,1866722.08
062/2023SEMINF,"constitui objeto do presente instrumento a prorrogação do prazo de vigência do contrato nº 062/2023-seminf, referente à contratação de empresa especializada em serviços de engenharia visando a manutenção ostensiva (preventiva e corretiva) e adequação dos sistemas de purificação da produção de água potável dos sistemas simplificados, convencionais e das demais redes cadastradas na secretaria municipal adjunta de saneamento.",Saneamento,,,2025-01-12T00:00:00Z,2026-11-30T00:00:00Z,Prefeitura Municipal de Macaé,3º Aditivo,Obras e Serviços de Engenharia,16.782.207/0001-03,Llc Comércio E Empreendimentos Ltda,Secretaria Executiva De Saneamento,Concorrência Pública,028/2023SEMINF,21809/2023,12 MESES,12,6543320.34
061/2023SEMINF,"constitui objeto do presente instrumento a prorrogação de 180 (cento e oitenta) dias de prazo contratual, e 180 (cento e oitenta) dias de execução de obras, bem como, o acréscimo no valor do contrato nº 061/2023-seminf, referente à contratação de empresa especializada para construção de escola padrão infantil, muro de contenção e do prolongamento das ruas 1 e 2, sendo a edificação a ser construída localizada no prolongamento da rua 2, na localidade do trapiche (glicério ? 4º distrito), macaé- rj, com fornecimento de mão de obra, materias e equipamentos.",Educação,Rua 2,Prolongamento Da Rua 2,2025-09-21T00:00:00Z,2026-03-20T00:00:00Z,Prefeitura Municipal de Macaé,1º Aditivo,Obras e Serviços de Engenharia,08648020/0001-85,Ppe Construção Civil Ltda,Secretaria Municipal De Educação,Concorrência Pública,023/2023SEMINF,2035/2022,180 DIAS,180,329537.98
059/2023SEMINF,"o presente 1º termo de apostilamento tem por objeto o reajuste dos preços referente à 1ª (primeira) periodicidade no período de setembro/2023 a setembro /2024, do contrato administrativo nº 059/2023- seminf, pela contratação de empresa especializada em construção civil para reforma e ampliação da base operacional do parque nacional da restinga de jurubatiba, macaé/rj, com fornecimento de mão de obra, materiais e equipamentos.",Reforma,,,2025-04-03T00:00:00Z,2025-01-08T00:00:00Z,Prefeitura Municipal de Macaé,1º Termo de Apostilamento,Obras e Serviços de Engenharia,08.648.020/0001-85,Ppe Construção Civil Ltda,Secretaria Executiva De Obras,Concorrência Pública,021/2023SEMINF,75.453/2025,,,101804.0
059/2023SEMINF,"constitui objeto do presente instrumento a prorrogação de 150 (cento e cinquenta) dias de execução de obra, e 150 (cento e cinquenta) dias de prazo contratual, bem como, o acréscimo no valor do contrato nº 059/2023-seminf,relativo à contratação de empresa especializada em construção civil para reforma e ampliação da base operacional do parque nacional da restinga de jurubatiba, macaé/rj, com fornecimento de mão de obra, materiais e equipamentos.",Reforma,,,2025-07-31T00:00:00Z,2025-12-27T00:00:00Z,Prefeitura Municipal de Macaé,2º Aditivo,Obras e Serviços de Engenharia,08648020/0001-85,Ppe Construção Civil Ltda,Secretaria Executiva De Obras,Concorrência Pública,021/2023SEMINF,75429/2023,150 DIAS,150,93340.81
059/2023SEMINF,"constitui objeto do presente instrumento a prorrogação de 150 (cento e cinquenta) dias de execução de obra, e 150 (cento e cinquenta) dias de prazo contratual, bem como, o acréscimo no valor do contrato nº 059/2023-seminf, relativo à contratação de empresa especializada em construção civil para reforma e ampliação da base operacional do parque nacional da restinga de jurubatiba, macaé/rj, com fornecimento de mão de obra, materiais e equipamentos.",Reforma,,,2025-03-03T00:00:00Z,2025-07-30T00:00:00Z,Prefeitura Municipal de Macaé,1º Aditivo,Obras e Serviços de Engenharia,08.648.020/0001-85,Ppe Construção Civil Ltda,Secretaria Municipal Adjunta De Obras,Concorrência Pública,021/2023SEMINF,75429/2023,150 DIAS,150,837933.75
045/2023SEMINF,"constitui objeto do presente instrumento a prorrogação de 150 (cento e cinquenta) dias de vigência contratual, e 120 (cento e vinte) dias de execução de obras, bem como, a alteração (supressão) do valor do contrato nº 045/2023-seminf, relativo à contratação de empresa especializada em construção civil para construção de praça, quadra poliesportiva e cras (centro de referência da assistência social) localizados à avenida marechal rondom 390, bairro miramar. macaé/rj, com fornecimento de materiais, equipamentos e mão de obra.",Urbanização,Avenida marechal rondom 390,Miramar Macaé,2025-09-18T00:00:00Z,2026-02-15T00:00:00Z,Prefeitura Municipal de Macaé,3º Aditivo,Obras e Serviços de Engenharia,51.572.775/0001-72,Consórcio Construtech E Ello Soluções,Secretaria Executiva De Obras,Concorrência Pública,009/2023SEMINF,76403/2022,150 DIAS,150,29501.83
045/2023SEMINF,"constitui objeto do presente instrumento a prorrogação de 120 (cento e vinte) dias de execução de obra, e 120 (cento e vinte) dias de prazo contratual,a prorrogação do contrato nº 045/2023-seminf, relativo à contratação de empresa especializada em construção civil para construção de praça, quadra poliesportiva e cras (centro de referência da assistência social) localizados à avenida marechal rondom 390, bairro miramar. macaé/rj, com fornecimento de materiais, equipamentos e mão de obra.",Urbanização,Avenida marechal rondom 390,Miramar Macaé,2025-05-21T00:00:00Z,2025-09-17T00:00:00Z,Prefeitura Municipal de Macaé,2º Aditivo,Obras e Serviços de Engenharia,51572775/0001-72,Consórcio Construtech E Ello Soluções,Secretaria Executiva De Obras,Concorrência Pública,009/2023SEMINF,76403/2022,120 DIAS,120,1440650.01
042/2023SEMINF,"constitui objeto do presente instrumento a prorrogação de 12 (doze) meses de prazo contratual, bem como, a supressão no valor do contrato nº 042/2023 seminf, referente à contratação de empresa especializada para execução e manutenção da sinalização horizontal nas vias, ciclovias e ciclofaixas do município de macaé, de acordo com programação sistemática estabelecida pela secretaria municipal de mobilidade urbana, com fornecimento de mão de obra, materiais e equipamentos, conforme condições, quantidades e exigências estabelecidas neste projeto básico e em consonância ao disposto no edital, para atender às necessidades da secretaria municipal de mobilidade urbana.",Outros,,,2025-07-20T00:00:00Z,2026-07-19T00:00:00Z,Prefeitura Municipal de Macaé,2º Aditivo,Obras e Serviços de Engenharia,09331341/0001-14,Galvão Transporte E Serviços Eireli,Secretaria Municipal De Mobilidade Urbana,Concorrência Pública,015/2020,260440/2022,12 MESES,12,1272018.94
040/2023SEMINF,"constitui objeto do presente instrumento a prorrogação do prazo de vigência do contrato nº 040/2023 seminf, referente à contratação de empresa especializada em contrução civil para manutenção dos imóveis sob gestão da secretaria municipal de saúde e fundo municipal de saúde do município de macaé ? rj (unidades de estratégia de saúde da família, unidades administrativas, unidades básicas de saúde, policlínicas, núcleos, polos, centro de especialidades, programas, casa da convivência - espaço de convivência e cultura, saúde mental, vigilância em saúde e centro de especialidades odontológicas ? ceo), com fornecimento de mão de obra, materiais e equipamentos.",Outros,,,2025-07-07T00:00:00Z,2026-06-07T00:00:00Z,Prefeitura Municipal de Macaé,3º Aditivo,Obras e Serviços de Engenharia,10471095/0001-85,Engecorp Manutenção E Serviços Ltda,Secretaria Municipal De Saúde,Concorrência Pública,013/2023SEMINF,401499/2025,12 MESES,12,2.571541977E7
039/2023SEMINF,"constitui objeto do presente instrumento a prorrogação do prazo de vigência do contrato nº 039/2023-seminf, relativo à contratação de empresa especializada em construção civil para manutenção predial preventiva, corretiva e preditiva dos predios públicos utilizados pela secretaria municipal de cultura (criasana, biblioteca télio barreto, polo de cultura da fronteira, centro cultural, solar dos mellos, biblioteca henriqueta marotti glicério e polo cultural da serra) em macaé/rj.",Construção,,,2025-06-07T00:00:00Z,2026-05-07T00:00:00Z,Prefeitura Municipal de Macaé,2º Aditivo,Obras e Serviços de Engenharia,51232431/0001-14,Consórcio M. Alves Litoral,Secretaria Municipal De Cultura,Concorrência Pública,005/2023SEMINF,37128/2022,12 MESES,12,7006898.87
038/2023SEMINF,"constitui objeto do presente instrumento a prorrogação de 12 (doze) meses de prazo contratual, bem como, o acréscimo no valor do contrato nº 038/2023-seminf, relativo à contratação de empresa especializada para recuperação, reparo, manutenção e desobistrução de redes de drenagem pluvial, visando atender as necessidades da secretaria municipal adjunta de serviços públicos.",Drenagem,,,2025-06-24T00:00:00Z,2026-06-23T00:00:00Z,Prefeitura Municipal de Macaé,2º Aditivo,Obras e Serviços de Engenharia,12089051/0001-10,Conserma  Engenharia Ltda,Secretaria Executiva De Serviços Públicos,Concorrência Pública,009/2022SEMINF,11654/2023,12 MESES,12,1.606277406E7
037/2023SEMINF,"constitui objeto do presente instrumento a prorrogação de 12 (doze) meses e vigência do contrato nº 037/2023-seminf, relativo à contratação de empresa especializada para execução de serviços de manutenção de equipamentos urbanos, para atendimento ao município de macaé/rj.",Outros,,,2025-06-23T00:00:00Z,2026-06-22T00:00:00Z,Prefeitura Municipal de Macaé,2º Aditivo,Obras e Serviços de Engenharia,510651290001-19,Consórcio Urbaniza  Macaé,Secretaria Executiva De Obras,Concorrência Pública,011/2023SEMINF,75345/2023,12 MESES,12,3.101612813E7
035/2023SEMINF,"cláusula primeira: o presente 3º termo de apostilamento tem por objeto o reajuste dos preços referente à 1ª (primeira) periodicidade (abril/2023 a abril/2024) do contrato administrativo nº 035/2023 - seminf, pela contratação de empresa especializada em construção civil para reforma geral do centro de convenções de macaé, localizado à av. são josé barreto - parque aeroporto, macaé ? rj.",Reforma,,,2025-04-01T00:00:00Z,2025-03-05T00:00:00Z,Prefeitura Municipal de Macaé,3º Termo de Apostilamento,Obras e Serviços de Engenharia,50955161/0001-07,Consórcio Barreto,Secretaria Executiva De Obras,Concorrência Pública,014/2022SEMINF,76798/2024,,,1316686.95
032/2023SEMINF,"pela contratação de empresa especializada em construção civil para manutenção dos hospitais hpm, hpms e hospital irmãs do horto, com fornecimento de mão de obra, materiais e equipamentos .",Saúde,,,2025-07-27T00:00:00Z,2026-07-26T00:00:00Z,Prefeitura Municipal de Macaé,3º Termo de Apostilamento,Obras e Serviços de Engenharia,10.471.095/0001-85,Engecorp Manutenção E Serviços Ltda,Secretaria Municipal De Saúde,Concorrência Pública,012/2022SEMINF,402508/2025,,,666692.48
028/2023SEMINF,"constitui objeto do presente instrumento a prorrogação de 180 (cento e oitenta) dias de prazo contratual, e 180 (cento e oitenta) dias de execução de obras, bem como, o acréscimo no valor do contrato nº 028/2023-seminf, relativo à contratação de empresa especializada em construção civil para construção de escola padrão fundamental em terreno municipal localizado na ari de carvalho esquina com avenida grande otelo, s/n, ajuda de baixo, macaé-rj, com fornecimento de mão de obra, materiais e equipamentos",Educação,Avenida grande otelo,,2025-08-19T00:00:00Z,2026-02-15T00:00:00Z,Prefeitura Municipal de Macaé,1º Aditivo,Obras e Serviços de Engenharia,37079460/0001-67,New Construções E Serviços Ltda,Secretaria Municipal De Educação,Concorrência Pública,016/2022SEMIINF,19.566/2029,180 DIAS,180,2152659.49
026/2023SEMINF,"o presente 5º termo de apostilamento tem por objeto o reajuste dos preços referente à 2ª (segunda) periodicidade (outubro/2023 a outubrol/2024) do contrato administrativo nº 0262023 - seminf, pela contratação de empresa especializada em construção civil para execução de serviços de manutenção dos equipamentos do centro especializado de atendimento à mulher ? ceam , do restaurante popular da aroeira, do conselho tutelar i, ii e iii e de proteção social de média e alta complexidade da secretaria municipal de desenvolvimento social.",Construção,,,2025-01-04T00:00:00Z,2026-03-31T00:00:00Z,Prefeitura Municipal de Macaé,5º Termo de Apostilamento,Obras e Serviços de Engenharia,42.822.589/0001-53,Consórcio Pfill Construção Civil,"Secretaria Municipal De Desenvolvimento Social, Direitos Humanos, Acessibilidade E Economia Solidária",Concorrência Pública,024/2022SEMINF,76047/2024,12 MESES,12,75571.55
026/2023SEMINF,"o presente instrumento objetiva alterar dados no preâmbulo e na cláusula primeira do contrato, conforme os elementos constantes do processo administrativo nº75399/2026 apensado ao 75.345/2021:",Outros,,,2025-01-04T00:00:00Z,2026-03-31T00:00:00Z,Prefeitura Municipal de Macaé,7º Termo de Apostilamento,Obras e Serviços de Engenharia,42.822.589/0001-53,Consórcio Pfill Construção Civil,"Secretaria Municipal De Desenvolvimento Social, Direitos Humanos, Acessibilidade E Economia Solidária",Concorrência Pública,024/2022SEMINF,75399/2026,12 MESES,12,
026/2023SEMINF,"obriga-se a contratada a executar para o município de macaé, pelo regime de execução indireta empreitada por preço unitário, para contratação de empresa especializada em construção civil para execução de serviços de manutenção dos equipamentos do centro especializado de atendimento à mulher ? ceam, da secretaria municipal de politicas para as mulheres, e dos equipamentos de proteção social básica, de média e de alta complexidade, do restaurante popular da aroeira e dos conselhos tutelares i, ii, e iii, da secretaria municipal de desenvolvimento social.",Construção,,,2025-01-04T00:00:00Z,2026-03-31T00:00:00Z,Prefeitura Municipal de Macaé,6º Termo de Apostilamento,Obras e Serviços de Engenharia,42.822.589/0001-53,Consórcio Pfill Construção Civil,"Secretaria Municipal De Desenvolvimento Social, Direitos Humanos, Acessibilidade E Economia Solidária",Concorrência Pública,024/222SEMINF,75345/2021,12 MESES,12,
025/2023SEMINF,"cláusula primeira - o presente 1º (primeiiro) termo de apostilamento tem por objeto o reajuste dos preços referente à 1ª (primeira) periodicidade no período de março/2023 a março/2024, do contrato administrativo nº 025/2023- seminf, pela contratação de empresa especializada em construção civil para complementação da construção do colégio estadual carlos walter marinho campos, localizado à avenida w18, lote 221, quadra 20, bairro lagomar, macaé ? rj, com fornecimento de mão de obra, materiais e equipamentos.",Construção,Avenida w18,Lagomar,2025-03-29T00:00:00Z,2025-12-20T00:00:00Z,Prefeitura Municipal de Macaé,1º Termo de Apostilamento,Obras e Serviços de Engenharia,08.579.251/0001-84,Construtora M. Alves Ltda,Secretaria Municipal De Educação,Concorrência Pública,003/2023SEMINF,SEI-010274/2025,,,386913.41
025/2023SEMINF,"cláusula primeira - o presente 2º (segundo) termo de apostilamento tem por objeto o reajuste dos preços referente à 2ª (segunda) periodicidade no período de março/2024 a março/2025, do contrato administrativo nº 025/2023- seminf, pela contratação de empresa especializada em construção civil para complementação da construção do colégio estadual carlos walter marinho campos, localizado à avenida w18, lote 221, quadra 20, bairro lagomar, macaé ? rj, com fornecimento de mão de obra, materiais e equipamentos.",Construção,Avenida w18,Lagomar,2025-03-29T00:00:00Z,2025-12-20T00:00:00Z,Prefeitura Municipal de Macaé,2º Termo de Apostilamento,Obras e Serviços de Engenharia,08.579.251/0001-84,Construtora M. Alves Ltda,Secretaria Municipal De Educação,Concorrência Pública,003/2023SEMINF,SEI-010736/2025,,,109441.24
024/2023SEMINF,"constitui objeto do presente instrumento a prorrogação de 90 (noventa) dias de vigência do contrato nº 024/2023-seminf, relativo à contratação de empresa especializada em serviços de engenharia, visando a execução de reforma nas etes e etas, no municipio de macaé-rj, nas localidades de corrego do ouro, trapiche, glicério, sana, com fornecimento de materiais, mão de obra e equipamentos.",Reforma,,,2025-06-14T00:00:00Z,2025-12-09T00:00:00Z,Prefeitura Municipal de Macaé,3º Aditivo,Obras e Serviços de Engenharia,08579251/000184,Construtora M. Alves Ltda,Secretaria Executiva De Saneamento,Concorrência Pública,002/2023SEMINF,76049/2022,90 DIAS,90,
018/2023SEMINF,"constitui objeto do presente instrumento a prorrogação de 180 (cento e oitenta) dias de prazo contratual, e 180 (cento e oitenta) dias de execução de obras, bem como, o acréscimo no valor do contrato nº 018/2023-seminf, relativo à contratação de empresa especializada em construção civil para construção de escola padrão infantil em terreno municipal localizado na avenida grande otelo, s/n, bosque azul, ajuda de baixo, macaé-rj, com fornecimento de mão de obra, materiais e equipamentos.",Educação,Avenida grande otelo,,2025-06-23T00:00:00Z,2025-12-19T00:00:00Z,Prefeitura Municipal de Macaé,2º Aditivo,Obras e Serviços de Engenharia,37079460/0001-67,New Construções E Serviços Ltda,Secretaria Municipal De Educação,Concorrência Pública,003/2022SEMINF,19.565/2019,180 DIAS,180,883284.77
012/2023SEMINF,"o presente instrumento objetiva incluir e alterar dados no preâmbulo do contrato, conforme os elementos constantes do processo administrativo nº 75.423/2022, ""preâmbulo : ? pelo presente termo aditivo ao contrato nº 012/2023 - seminf, que entre si celebram, município de macaé/rj, pessoa jurídica de direito público, inscrito no cnpj sob o nº sob o nº 29.115.474/0001-60, estabelecido na avenida presidente sodré nº 534, paço municipal, bairro centro, macaé/rj, neste ato representado pelo secretário municipal de infraestrutura, devidamente nomeado pela portaria n° 0679/2025, sr. santiago borges de almeida gomes, brasileiro, casado, servidor público municipal, portador da carteira de identidade n° 09967233 - 9, expedida pelo ifp/rj e inscrito no cpf/mf sob o nº 053.788.677-03, doravante denominada simplesmente contratante,, e, do outro lado, a empresa, viveiro campo lindo comércio e plantas ltda, inscrita no cnpj sob o nº 02.753.224/0001-08, com sede à rodovia mg",Outros,Avenida presidente sodré nº 534,Centro,2025-04-02T00:00:00Z,2026-03-02T00:00:00Z,Prefeitura Municipal de Macaé,1º Termo de Apostilamento,Obras e Serviços de Engenharia,02.753.224/0001-08,Viveiro Campo Lindo Comércio E Plantas Ltda,Secretaria Executiva De Serviços Públicos,Pregão Presencial,001/2022SEMINF,75423/2022,12 MESES,12,1.634387241E7
061/2023-SEMINF,"contratação de empresa especializada para construção de escola padrão infantil, muro de contenção e do prolongamento das ruas 1 e 2, sendo a edificação a ser construída localizada no prolongamento da rua 2, na localidade do trapiche (glicério ? 4º distrito), macaé- rj, com fornecimento de mão de obra, materias e equipamentos.",Educação,Rua 2,Prolongamento Da Rua 2,2025-09-21T00:00:00Z,2026-03-20T00:00:00Z,Prefeitura Municipal de Macaé,1º Aditivo,Obras e Serviços de Engenharia,08.648.020/0001-85,Ppe Construção Civil Ltda,Secretaria Municipal De Educação,Concorrência Pública,023/2023-SEMINF,2035/2022,180 DIAS,180,8328551.12
048/2023-SEMINF,"constitui objeto do presente instrumento a prorrogação do prazo de vigência do contrato nº 048/2023-seminf, referente à contratação de empresa especializada para execução de serviços de natureza contínua de recomposição de paralelos e intertravados danificados na cidade de macaé-rj, abrangendo todo o perímetro urbano, região serrana e distritos, com fornecimento e aplicação de materiais, mão de obra e equipamentos.",Outros,,,2025-08-24T00:00:00Z,2026-08-23T00:00:00Z,Prefeitura Municipal de Macaé,3º Aditivo,Obras e Serviços de Engenharia,51.639.780/0001-55,Consórcio Paralelo Macaé,Secretaria Executiva De Serviços Públicos,Concorrência Pública,012/2023SEMINF,75385/2022,12 MESES,12,1.710074953E7
n° 062/2023,"reajuste sobre o valor contratado para empresa especializada para restação de serviço de locação de equipamentos pesados (máquinas, caminhões e equipamentos), com motorista, combustível e manutenção inclusos, para atender os produtores rurais do município de macaé, através da secretaria municipal de agroeconomia, referente à 2ª periodicidade contratual (abril/2024 a março/2025)",Outros,,,2025-12-05T00:00:00Z,2026-11-05T00:00:00Z,Prefeitura Municipal de Macaé,1º Termo de Apostilamento,Obras e Serviços de Engenharia,02.976.782/0001-24,Macservices Locação De Veículos Eireli,Secretaria Municipal De Mobilidade Urbana,Pregão Eletrônico,030/2023,260009/2022,,,136069.2
045/2022SEMINF,"constitui objeto do presente instrumento a prorrogação do prazo de vigência do contrato nº 045/2022 seminf, referente à contratação de empresa especializada para execução de serviços de natureza contínua de recomposição de pavimentação asfáltica (tapa buraco) na cidade de macaé/rj,abrangendo todo o perímetro urbano, região serrana e distritos, com fornecimento e aplicação de materiais, mão de obra e equipamentos.",Pavimentação,,,2025-11-18T00:00:00Z,2026-11-17T00:00:00Z,Prefeitura Municipal de Macaé,3º Aditivo,Obras e Serviços de Engenharia,33.462.862/0001-95,São Marcos Terraplanagem E Construção Ltda,Secretaria Executiva De Serviços Públicos,Concorrência Pública,022/2022SEMINF,75378/2022,12 MESES,12,1.432519101E7
044/2022SEMINF,"constitui objeto do presente instrumento a prorrogação de 150 (cento e cinquenta) dias de vigência do contrato nº 044/2022-seminf, relativo à contratação de empresa especializada em serviços técnicos para conclusão da regularização urbanística e fundiária do núcleo urbano informal complexo da ajuda (zeis 02).",Outros,,,2025-06-27T00:00:00Z,2025-11-23T00:00:00Z,Prefeitura Municipal de Macaé,2º Aditivo,Obras e Serviços de Engenharia,04307683/0001-85,Geojá Mapas Digitais E Aerolevantamento Ltda,Secretaria Executiva De Habitação,Concorrência Pública,020/2022SEMINF,24333/2020,150 DIAS,150,3497864.08
043/2022SEMINF,"constitui objeto do presente instrumento a prorrogação do prazo de vigência do contrato nº 043/2022-seminf, referente à contratação de empresa especializada em construção civil para construção de blocos de gavetas, jazigos, ossário, drenagens e pavimentação no cemitério memorial da igualdade, macaé-rj, com fornecimento de mão de obra, materiais e equipamentos.",Pavimentação,,,2025-10-06T00:00:00Z,2025-07-09T00:00:00Z,Prefeitura Municipal de Macaé,3º Aditivo,Obras e Serviços de Engenharia,26116884/0001-38,Enge-campos Construções Eireli - Me,Secretaria Executiva De Serviços Públicos,Concorrência Pública,015/2020SEMINF,75347/2022,90 DIAS,90,4681917.55
032/2022SEMINF,"constitui objeto do presente instrumento a prorrogação do prazo de vigência do contrato nº 032/2022-seminf, referente à contratação de empresa especializada em construção civil para manutenção dos hospitais hpm, hpms e hospital irmãs do horto, com fornecimento de mão de obra, materiais e equipamentos .",Saúde,,,2025-07-27T00:00:00Z,2026-07-26T00:00:00Z,Prefeitura Municipal de Macaé,4º Aditivo,Obras e Serviços de Engenharia,"1,04711E+13",Engecorp Manutenção E Serviços Ltda,Secretaria Municipal De Saúde,Concorrência Pública,012/2022SEMINF,401972/2025,12 MESES,12,1.023836062E7
032/2022SEMINF,": o presente 3º termo de apostilamento tem por objeto o reajuste dos preços referente à 2ª (segunda) periodicidade (junho/2023 a janeiro/2025) do contrato administrativo nº 032/2022 - seminf, pela contratação de empresa especializada em construção civil para manutenção dos hospitais hpm, hpms e hospital irmãs do horto, com fornecimento de mão de obra, materiais e equipamentos .",Saúde,,,2025-07-27T00:00:00Z,2026-07-26T00:00:00Z,Prefeitura Municipal de Macaé,3º Termo de Apostilamento,Obras e Serviços de Engenharia,10471095/0001-85,Engecorp Manutenção E Serviços Ltda,Secretaria Municipal De Saúde,Concorrência Pública,012/2022SEMINF,402508/2025,12 MESES,12,666692.48
032/2021SEMINF,"contratação de empresa especializada para a execução de serviços de manutenção preventiva, corretiva e emergencial da rede de iluminação pública do município de macaé, com fornecimento de equipamentos, materiais e mão de obra.",Outros,,,2025-12-30T00:00:00Z,2026-12-29T00:00:00Z,Prefeitura Municipal de Macaé,8º Aditivo,Obras e Serviços de Engenharia,02270918/0001-86,Suprema Engenharia Elétrica Ltda,Secretaria Executiva De Serviços Públicos,Concorrência Pública,001/2021SEMINF,12774/2020,12 MESES,12,1.022172703E7
029/2021SEMINF,"cláusula primeira - do objeto 1.1. constitui objeto do presente instrumento a prorrogação do prazo de vigência do contrato nº 029/2021-seminf, referente à contratação de empresa especializada para prestação de serviços de sondagem a percussão, em diversas localidades do município de macaé, de acordo com a necessidade a fim de proporcionar elaboração adequada dos projetos de fundações que compõe o projeto básico para licitação de obras públicas, com fornecimento de material, mão de obra e equipamentos.",Outros,,,2025-11-18T00:00:00Z,2026-11-17T00:00:00Z,Prefeitura Municipal de Macaé,5º Aditivo,Obras e Serviços de Engenharia,29150998/0001-92,Engecon Construções E Serviços De Engenharia Ltda,Secretaria Executiva De Obras,Concorrência Pública,003/2021SEMINF,75656/2021,12 MESES,12,448970.89
108/2008,"constitui objeto do presente instrumento a prorrogação do prazo de 90 (noventa) dias de execução dos serviços e 120 (cento e vinte) dias de vigência do contrato nº 108/2008, referente à contratação de empresa especializada em construção civil, para execução de serviços referentes ao sistema de esgotamento sanitário e macrodrenagem em diversos logradouros do município de macaé, com fornecimento de mão de obra, equipamentos e materiais necessários.",Drenagem,,,2025-02-07T00:00:00Z,2025-10-29T00:00:00Z,Prefeitura Municipal de Macaé,18º Aditivo,Obras e Serviços de Engenharia,09.542.728/0001-10,Consórcio Zadar- Engetécnica,Secretaria Executiva De Obras,Concorrência Pública,006/2007,43064/2011,120 DIAS,120,2.9700210034E8
108/2008,"o presente 6º termo de apostilamento tem por objeto o reajuste dos preços compreendendo o período de (maio/2019 a maio/2023) incluídos no 17º termo aditivo (dos itens novos) do contrato administrativo nº 108/2008, pela contratação de empresa de construção civil para execução de serviços referente ao sistema de esgotamento sanitário e macrodrenagem em diversos logradouros do município de macaé, com fornecimento de material, mão de obra, e equipamentos necessários.",Drenagem,,,2025-10-30T00:00:00Z,2026-02-27T00:00:00Z,Prefeitura Municipal de Macaé,6º Termo de Apostilamento,Obras e Serviços de Engenharia,09.542.728/0001-10,Consórcio Zadr- Engetécnica,Secretaria Executiva De Obras,Concorrência Pública,006/2007,76736/2023,12 MESES,12,4033695.4
108/2008,"constitui objeto do presente instrumento a prorrogação do prazo de 120 (cento e vinte) dias de execução dos serviços e 120 (cento e vinte) dias de vigência do contrato nº 108/2008, referente à contratação de empresa especializada em construção civil, para execução de serviços referentes ao sistema de esgotamento sanitário e macrodrenagem em diversos logradouros do município de macaé, com fornecimento de mão de obra, equipamentos e materiais necessários.",Drenagem,,,2025-10-30T00:00:00Z,2026-02-27T00:00:00Z,Prefeitura Municipal de Macaé,19º Aditivo,Obras e Serviços de Engenharia,09.542.728/0001-10,Consórcio Zadar- Engetécnica,Secretaria Executiva De Obras,Concorrência Pública,006/2007,43064/2011,120 DIAS,120,2.9700210034E8
108/2008,"1.1. : o presente 7º termo de apostilamento tem por objeto o reajuste dos preços compreendendo o período de (maio/2023 a maio/2024) referente a 15ª (décima quinta) periodicidade do contrato administrativo nº 108/2008, pela contratação de empresa de construção civil para execução de serviços referente ao sistema de esgotamento sanitário e macrodrenagem em diversos logradouros do município de macaé, com fornecimento de material, mão de obra, e equipamentos necessários.",Drenagem,,,2025-10-30T00:00:00Z,2026-02-27T00:00:00Z,Prefeitura Municipal de Macaé,7º Termo de Apostilamento,Obras e Serviços de Engenharia,09.542.728/0001-10,Consórcio Zadar - Engetécnica,Secretaria Executiva De Obras,Concorrência Pública,006/2007,SEI-015630/2025,12 MESES,12,1965162.72
108/2008,"1.1. o presente 8º termo de apostilamento tem por objeto o reajuste dos preços compreendendo o período de (maio/2024 à maio/2025) referente a 16ª (décima sexta) periodicidade do contrato administrativo nº 108/2008, pela contratação de empresa de construção civil para execução de serviços referente ao sistema de esgotamento sanitário e macrodrenagem em diversos logradouros do município de macaé, com fornecimento de material, mão de obra, e equipamentos necessários.",Drenagem,,,2025-10-30T00:00:00Z,2026-02-27T00:00:00Z,Prefeitura Municipal de Macaé,8º Termo de Apostilamento,Obras e Serviços de Engenharia,09.542.728/0001-10,Consórcio Zadar- Engetécnica,Secretaria Executiva De Obras,Concorrência Pública,006/2007,SEI-015630/2025,12 MESES,12,632224.42
019/2026SEMINF,"contratação de empresa especializada para reforma da praça arlindo mourão, localizada na rua alcebíades azevedo ? aroeira, macaé/rj, com fornecimento de mão de obra, materiais e equipamentos necessários.",Urbanização,Rua alcebíades azevedo ? aroeira,,2026-05-19T00:00:00Z,2027-03-15T00:00:00Z,Prefeitura Municipal de Macaé,Contrato Original,Obras e Serviços de Engenharia,31.654.440/0001-96,Silgui Comércio E Serviços Ltda,Secretaria Executiva De Obras,Concorrência Eletrônica,003/2026SEMINF,SEI - 2153/2025,300 DIAS,300,957088.78
018/2026SEMINF,"contratação de empresa especializada para construção de cobertura e execução de reforma da academia popular da praça nagib mussi, localizada na rua irmã laurinda de freitas carvalho, parque aeroporto, macaé/rj, com fornecimento de mão de obra, materiais e equipamentos necessários.",Urbanização,Rua irmã laurinda de freitas carvalho,,2026-05-18T00:00:00Z,2026-12-14T00:00:00Z,Prefeitura Municipal de Macaé,Contrato Original,Obras e Serviços de Engenharia,31.654.440/0001-96,Silgui Comércio E Serviços Ltda,Secretaria Executiva De Obras,Concorrência Eletrônica,002/2026SEMINF,33418/2023,210 DIAS,210,890435.63
017/2026SEMINF,"contratação de empresa especializada em construção civil para construção da ponte do regalo bom viver no sana, localizada em macaé/rj, com fornecimento de materiais, equipamentos necessários e mão-de-obra.",Construção,,,2026-05-14T00:00:00Z,2027-08-02T00:00:00Z,Prefeitura Municipal de Macaé,Contrato Original,Obras e Serviços de Engenharia,29.152.196/0001-11,Premag Sistema De Construções Ltda,Secretaria Municipal De Infraestrutura,Dispensa de Licitação,024/2026SEMINF,SEI006353/2026,270 DIAS,270,2819468.61
016/2026SEMINF,"contratação de empresa especializada para construção dos blocos ?e? e ?f? e construção de circulação coberta entre os blocos da cidade universitária, localizada na av. aluizio da silva gomes nº50, bairro da glória, macaé - rj, com fornecimento de mão de obra, materiais e equipamentos necessários.",Construção,,Da Glória,2026-11-05T00:00:00Z,2028-05-30T00:00:00Z,Prefeitura Municipal de Macaé,Contrato Original,Obras e Serviços de Engenharia,65.449.132/0001-40,Consórcio Construtora R2x - Construtora M Alves Macaé,Secretaria Executiva De Ensino Superior,Concorrência Eletrônica,030/2025SEMINF,9738/2022,750 DIAS,750,4.250208022E7
015/2026SEMINF,"contratação de empresa especializada em engenharia consultiva para a prestação de serviços de coordenação, apoio técnico, elaboração de projetos de engenharia e arquitetura e apoio à fiscalização e supervisão de obras.",Outros,,,2026-12-05T00:00:00Z,2027-12-05T00:00:00Z,Prefeitura Municipal de Macaé,Contrato Original,Obras e Serviços de Engenharia,63.139.719/0001-28,Consórcio Consultec De Engenharia Consultiva,Secretaria Municipal De Infraestrutura,Concorrência Eletrônica,013/2025SEMINF,75330/2025,12 MESES,12,4.97147499E7
013/2026SEMINF,"contratação de empresa especializada em serviços de engenharia, visando a execução das obras de rede de captação de esgoto, estações elevatórias, recalques, estação de tratamento terciária de 15l/s, drenagem e revestimento asfáltico nas ruas antónio paes de oliveira filho (rua 17), alzemiro francisco thomaz (rua 18), rua pedro adami e a rua roberto muniz do distrito de córrego do ouro ? macaé/rj, com fornecimento de todos os materiais, equipamentos, insumos, serviços e mão de obra necessária para atender o distrito de córrego do ouro em macaé-rj, conforme os projetos de engenharia apresentados e a operação assistida do sistema de tratamento a ser implantado por 6 (seis) meses, em condições, quantidades e exigências estabelecidas neste projeto básico e em consonância ao disposto no edital, para atender às necessidades da secretaria executiva de saneamento (sesan).",Drenagem,Rua 17),,2026-04-22T00:00:00Z,2028-09-08T00:00:00Z,Prefeitura Municipal de Macaé,Contrato Original,Obras e Serviços de Engenharia,20.360.878/0001-45,Construverde Construções E Serviços Ltda,Secretaria Executiva De Saneamento,Concorrência Eletrônica,028/2025SEMINF,SEI- 2532/2025,840 DIAS,840,4.4E7
012/2026SEMINF,"contratação de empresa especializada em obras e serviços de engenharia para executar a prestação de serviços públicos dentro do plano de manutenção de vias, passeio e equipamentos públicos, com apoio logístico e de equipe técnica profissional especializada que visa a obtenção conjunta dos municípios consorciados ao cidennf através de ata de registro de preços (arp), possuindo o intuito de futura e eventual contratação de empresa especializada para prestação de serviços públicos.",Outros,,,2026-01-04T00:00:00Z,2027-01-04T00:00:00Z,Prefeitura Municipal de Macaé,Contrato Original,Obras e Serviços de Engenharia,64.183.020/0001-28,Construfer Serviços,Secretaria Executiva De Serviços Públicos,Pregão Eletrônico,06/2025CIDENNF,SEI-6021/2026,12 MESES,12,3.374431551E7
010/2026SEMINF,"contratação de empresa especializada para a execução da regularização fundiária de interesse social (reurb-s), de parte da zeis-08 (zona de especial interesse social malvinas - código de urbanismo - lc141-2010), malvinas macaé/rj",Outros,,,2026-03-13T00:00:00Z,2028-02-01T00:00:00Z,Prefeitura Municipal de Macaé,Contrato Original,Obras e Serviços de Engenharia,04.307.683/0001-85,Geojá Mapas Digitais E Aerolevantamento Ltda,Secretaria Executiva De Habitação,Concorrência Eletrônica,´031/2025SEMINF,36.446/2024,660 DIAS,660,1543949.0
005/2026SEMINF,"contratação de empresa especializada em construção civil para construção execução, em caráter emergencial, de estabilização geotécnica e recuperação estrutural do muro de contenção, com recomposição do enrocamento de proteção marginal, no trecho adjacente ao ponto de deságue das linhas de recalque da estação elevatória dr. télio barreto, margem do rio macaé, macaé/rj, com fornecimento de materiais, mão de obra e equipamentos necessários",Construção,,,2026-06-02T00:00:00Z,2026-06-07T00:00:00Z,Prefeitura Municipal de Macaé,Contrato Original,Obras e Serviços de Engenharia,27987466/0001-89,Galbeg  Grouting Ltda,Secretaria Municipal De Infraestrutura,Dispensa de Licitação,002/2026SEMINF,SEI-016247/2025,150 DIAS,150,3016776.41
004/2026SEMINF,"contratação de empresa especializada em construção civil para reforma da estação ferroviária de glicério, localizada na rua alfredo tanos, s/n, distrito de glicério, macaé/rj, com fornecimento de materiais, equipamentos e mão-de-obra",Reforma,Rua alfredo tanos,,2026-05-02T00:00:00Z,2026-02-12T00:00:00Z,Prefeitura Municipal de Macaé,Contrato Original,Obras e Serviços de Engenharia,04494630/0001-10,Construtora Martins De Casimiro Ltda,Secretaria Municipal De Infraestrutura,Concorrência Eletrônica,024/2025-SEMINF,20657/2024,300 DIAS,300,503392.67
001/2026SEMINF,"contratação de empresa especializada para reforma e cobertura de quadra poliesportiva, localizada na rua w vinte, mirante da lagoa, macaé/rj, com fornecimento de mão de obra, materiais e equipamentos necessários",Reforma,Rua w vinte,,2026-03-17T00:00:00Z,2027-11-01T00:00:00Z,Prefeitura Municipal de Macaé,Contrato Original,Obras e Serviços de Engenharia,37.079.460/0001-67,New Construções E Serviços Ltda,Secretaria Executiva De Obras,Concorrência Eletrônica,029/2025SEMINF,7504/2025,300 DIAS,300,2509762.33
020/2026-SEMINF,"contratação de empresa especializada em construção civil para execução de reforma de 64 unidades e áreas comuns de 2 conjuntos habitacionais no bairro nova esperança, localizado em macaé/rj, com fornecimento de materiais, mão de obra e equipamentos necessários.",Reforma,,Nova Esperança,2026-05-21T00:00:00Z,2028-07-10T00:00:00Z,Prefeitura Municipal de Macaé,Contrato Original,Obras e Serviços de Engenharia,66.851.806/0001-00,Consórcio Nova Esperança,Secretaria Executiva De Habitação,Concorrência Eletrônica,033/2025-SEMINF,280.212/2025,870 DIAS,870,7769144.53
NE: 001445/2026,"inscrição de 05 (cinco) servidores no seminário de estudos avançados em regularização fundiária, conforme condições, quantidades e exigências estabelecidas no termo de referência, a ser realizada no período de 26/04/2026 à 01/05/2026, no município de curitiba/pr, para atender às necessidades da secretaria executiva de habitação.",Outros,,,2026-05-26T00:00:00Z,2026-01-06T00:00:00Z,Prefeitura Municipal de Macaé,Contrato Original,Obras e Serviços de Engenharia,32.677.071/0001-10,Instituto Habita Do Brasil Ltda,Secretaria Executiva De Habitação,Inexigibilidade,280/2026SEMINF,SEI-009490/2026,5 DIAS,5,30550.0
030/2025SEMINF,"contratação de empresa especializada em construção civil para demolição e construção de novo castelo d?água do colégio estadual carlos walter, localizado na rua w18, lote 221, quadra 20, no bairro lagomar, macaé/rj, com fornecimento de materiais, equipamentos e mão de obra.",Construção,Rua w18,Lagomar,2026-07-04T00:00:00Z,2026-06-07T00:00:00Z,Prefeitura Municipal de Macaé,1º Aditivo,Obras e Serviços de Engenharia,19.233.416/0001-88,M C Construções & Empreendimentos Ltda,Secretaria Municipal De Educação,Concorrência Eletrônica,010/2025SEMINF,SEI - 9311/2026,90 DIAS,90,382482.7
028/2025SEMINF,"prorrogação de 90 (noventa) dias do prazo de vigência do contrato nº 028/2025-seminf, referente à contratação de empresa especializada para execução de sistema de prevenção contra incêndio e pânico (cbmerj) e sistema de proteção contra descargas atmosféricas da upa da barra localizada em macaé/rj, para atender às necessidades da secretaria municipal de saúde.",Outros,,,2026-07-04T00:00:00Z,2026-06-07T00:00:00Z,Prefeitura Municipal de Macaé,1º Aditivo,Obras e Serviços de Engenharia,40.571.167/0001-27,R H Serviços E Empreendimentos Ltda,Secretaria Municipal De Saúde,Concorrência Eletrônica,017/2025SEMINF,404157/2023,90 DIAS,90,228381.39
025/2025SEMINF,"constitui objeto do presente instrumento a prorrogação do contrato nº 025/2025-seminf, relativo à contratação de empresa especializada em projetos de obras de arte para elaboração de projeto executivo de ponte em concreto armado e/ou protendido sobre o rio são pedro, para acesso ao assentamento osvaldo de oliveira - macaé-rj.",Outros,,,2026-03-13T00:00:00Z,2026-09-09T00:00:00Z,Prefeitura Municipal de Macaé,1º Aditivo,Obras e Serviços de Engenharia,37.625.978/0001-59,Daniel Dóris Engenharia Ltda,Secretaria Municipal De Infraestrutura,Concorrência Eletrônica,008/2025SEMINF,75378/2024,180 DIAS,180,106303.67
022/2025SEMINF,"constitui objeto do presente instrumento a prorrogação de 150 (cento e cinquenta) dias de prazo contratual, e 120 (cento e vinte) dias de execução dos serviços, bem como, o acréscimo no valor do contrato nº 022/2025-seminf, referente à contratação de empresa especializada em construção civil para execução de sistema de prevenção contra incêndio e pânico (cbmerj) estádio cláudio moacyr de azevedo, localizado na rua fernando hipólito dos santos, s/n, barra, macaé/rj, com fornecimento de materiais, equipamentos necessários e mão-de-obra.",Construção,Rua fernando hipólito dos santos,,2026-01-15T00:00:00Z,2026-06-14T00:00:00Z,Prefeitura Municipal de Macaé,1º Aditivo,Obras e Serviços de Engenharia,01.229.958/0001-11,Atac Fire Segurança  Contra Incêndio Ltda,Secretaria Municipal De Infraestrutura,Concorrência Eletrônica,012/2025SEMINF,75374/2024,150 DIAS,150,178378.42
013/2025SEMINF,"constitui objeto do presente instrumento a prorrogação de 60 (sessenta) dias de prazo contratual, e 90 (noventa) dias de execução de serviços, bem como, o acréscimo no valor do contrato nº 013/2025-seminf, referente à contratação de empresa especializada para execução das obras de reforma e acréscimo no bicicross, localizado em macaé-rj, com mão de obra especializada, materiais e equipamentos necessários",Reforma,,,2026-03-03T00:00:00Z,2026-02-05T00:00:00Z,Prefeitura Municipal de Macaé,1º Aditivo,Obras e Serviços de Engenharia,16941560/0001-80,Fender Engenharia Ltda,Secretaria Municipal De Infraestrutura,Concorrência Eletrônica,002/2025SEMINF,75343/2024,90 DIAS,90,300814.38
013/2025SEMINF,"prorrogação de 150 (cento e cinquenta) dias de prazo contratual, e 60 (sessenta dias de execução de serviços, do contrato nº 013/2025-seminf, referente à contratação de empresa especializada para execução das obras de reforma e acréscimo no bicicross, localizado em macaé-rj, com mão de obra especializada, materiais e equipamentos necessários.",Reforma,,,2026-03-05T00:00:00Z,2026-09-30T00:00:00Z,Prefeitura Municipal de Macaé,2º Aditivo,Obras e Serviços de Engenharia,16.941.560/0001-80,Fender Engenharia Ltda,Secretaria Municipal De Infraestrutura,Concorrência Eletrônica,002/2025SEMINF,75343/2024,150 DIAS,150,1517718.22
012/2025SEMINF,"prorrogação de 12 (doze) meses de prazo contratual, bem como a supressãom no valor do contrato n° 012/2025seminf, referente a contratação de empresa especializada na prestação de serviços contínuos de manutenção da arborização urbana (poda, remoção, destocamento e trituração de árvores e controle fitossanitário), inclusive fornecimento dos materiais, equipamentos, mão de obra e supervisão técnica, em passeios públicos no município de macaé/rj",Outros,,,2026-04-25T00:00:00Z,2027-04-24T00:00:00Z,Prefeitura Municipal de Macaé,1º Aditivo,Obras e Serviços de Engenharia,02.354917/0001-10,União Norte Fluminense  Engenharia E Comércio Ltda,Secretaria Executiva De Serviços Públicos,Pregão Eletrônico,021/2025SEMINF,32071/2024,12 MESES,12,1833002.66
010/2025SEMINF,"prorrogação de 12 (doze) meses de vigência do contrato nº 010/2025-seminf, referente à contratação de empresa especializada para prestação de serviço de limpeza dos canais e rios o município de macaé, com fornecimento de mão-de?obra e equipamentos, para atender às necessidades da secretaria municipal adjunta de serviços públicos",Outros,,,2026-05-04T00:00:00Z,2027-04-04T00:00:00Z,Prefeitura Municipal de Macaé,1º Aditivo,Obras e Serviços de Engenharia,08.705.901/0001-90,Krofman Comercio E Serviços Ltda,Secretaria Executiva De Serviços Públicos,Pregão Eletrônico,109/2024SEMINF,8050/2024,12 MESES,12,6164044.8
007/2025SEMINF,"constitui objeto do presente instrumento a prorrogação de 180 (cento e oitenta) dias de prazo contratual, bem como, o acréscimo no valor (acréscimo de quantitativos e inclusão de itens novos) do contrato nº 007/2025-seminf, referente à contratação de empresa especializada em construção civil para execução das obras de reforma do posto de saúde jorge caldas para funcionamento do centro de imagens, macaé/rj, com fornecimento de mão de obra, materiais e equipamentos necessários.",Reforma,,,2026-06-13T00:00:00Z,2026-10-12T00:00:00Z,Prefeitura Municipal de Macaé,1º Aditivo,Obras e Serviços de Engenharia,10471095/0001-85,Engecorp Manutenção E Serviços Ltda,Secretaria Municipal De Saúde,Concorrência Eletrônica,007/2024SEMINF,SEI-003093/2025,180 DIAS,180,3250971.23
004/2025SEMINF,"contratação de empresa especializada para execução das obras de construção de parque, localizado à estrada do imburo, bairro da ajuda, macaé/rj, com fornecimento de materiais, equipamentos e mão-de-obra.",Construção,Estrada do imburo,Da Ajuda,2026-01-06T00:00:00Z,2026-07-31T00:00:00Z,Prefeitura Municipal de Macaé,1º Aditivo,Obras e Serviços de Engenharia,37.079.460/0001-67,New Construções E Serviços Ltda,Secretaria Municipal De Infraestrutura,Concorrência Pública,010/2024-SEMINF,75.338/2024,60 DIAS,60,2568110.11
001/2025SEMINF,"constitui objeto do presente instrumento a prorrogação de 90 (noventa) dias de prazo contratual, e 90 (noventa) dias de execução de obras, bem como, o acréscimo no valor do contrato nº 001/2025-seminf, referente à contratação de empresa especializada em serviços de engenharia, visando à execução de obras de sistemas de abastecimento de água, nas localidades de glicério, óleo, trapóleo, no 4º distrito de glicério e na serra escura/duas barras em bicuda grande no 3º distrito de cachoeiros de macaé com fornecimento de materiais, mão de obra e equipamentos.",Outros,,,2026-01-16T00:00:00Z,2026-04-16T00:00:00Z,Prefeitura Municipal de Macaé,1º Aditivo,Obras e Serviços de Engenharia,579625140001-45,Consórcio De Abastecimentos De Águas Da Serra Macaé,Secretaria Executiva De Saneamento,Concorrência Pública,003/2024/SEMINF,76389/2022,90 DIAS,90,1276933.89
032/2024SEMINF,"constitui objeto do presente instrumento a prorrogação de 90 (noventa) dias de prazo contratual, e 90 (noventa) dias de execução de serviços, bem como, o acréscimo no valor do contrato nº 032/2024-seminf, referente à contratação de empresa especializada para execução em construção civil para recapeamento asfáltico de diversos logradouros públicos já urbanizados, no município de macaé/rj, com fornecimento de mão de obra, materiais e equipamentos necessários",Construção,,,2026-08-03T00:00:00Z,2026-06-06T00:00:00Z,Prefeitura Municipal de Macaé,1º Aditivo,Obras e Serviços de Engenharia,33.462.862/0001-95,São Marcos Terraplanagem E Construção Ltda,Secretaria Municipal De Infraestrutura,Concorrência Eletrônica,006/2024SEMINF,75357/2024,90 DIAS,90,8277956.69
032/2024SEMINF,"cláusula primeira: o presente 1º termo de apostilamento tem por objeto o reajuste dos preços referente à 1ª (primeira) periodicidade (junho/2024 a junho/2025) do contrato administrativo nº 032/2024 - seminf, pela contratação de empresa especializada para execução em construção civil para recapeamento asfáltico de diversos logradouros públicos já urbanizados, no município de macaé/rj, com fornecimento de mão de obra, materiais e equipamentos necessários .",Construção,,,2026-08-03T00:00:00Z,2026-06-06T00:00:00Z,Prefeitura Municipal de Macaé,1º Termo de Apostilamento,Obras e Serviços de Engenharia,33462862/0001-95,São Marcos Terraplanagem E Construção Ltda,Secretaria Municipal De Infraestrutura,Concorrência Eletrônica,006/20024SEMINF,SEI 002541/2025,90 DIAS,90,8277956.69
031/2024SEMINF,"constitui objeto do presente instrumento a prorrogação de 90 (noventa) dias de prazo contratual, e 90 (noventa) dias de execução dos serviços, bem como, o acréscimo no valor do contrato nº 031/2024-seminf, referente à contratação de empresa especializada para implantação de novos pontos de iluminação pública tecnologia led, nos trechos sem redes de ip que são: rua j um a - bairro da glória, estrada do horto e rodovia amaral peixoto - pt/iff no município de macaé, incluindo fornecimento de material, mão de obra e equipamentos conforme necessário",Outros,Rua j um a - bairro da glória,Da Glória,2026-01-25T00:00:00Z,2026-04-25T00:00:00Z,Prefeitura Municipal de Macaé,1º Aditivo,Obras e Serviços de Engenharia,09388615/0001-01,Alper Energia Ltda,Secretaria Executiva De Serviços Públicos,Concorrência Eletrônica,005/2024SEMINF,37157/2023,90 DIAS,90,1156157.69
018/2024SEMINF,"constitui objeto do presente instrumento a prorrogação da vigência contratual por 12 (doze) meses do contrato nº 018/2024-seminf, referente à contratação de empresa especializada em operação e conservação de estação elevatória de águas pluviais com capacidade de bombeamento de 22.000 (vinte e dois mil) litros por segundo, incluindo a conservação e limpeza das galerias da macrodrenagem que atendem as bacias de influência da elevatória.",Drenagem,,,2026-04-24T00:00:00Z,2027-04-27T00:00:00Z,Prefeitura Municipal de Macaé,3º Aditivo,Obras e Serviços de Engenharia,54.603.224/0001-17,Consórcio Operações Macaé,Secretaria Municipal De Infraestrutura,Concorrência Pública,037/2023SEMINF,76401/2023,12 MESES,12,2.381921734E7
016/2024SEMINF,"prorrogação de 210 (duzentos e dez) dias de vigência contratual e 120 (cento e vinte) dias de execução de obras, do contrato nº 016/2024-seminf, referente à contratação de empresa especializada para execução de obra de complementação da unidade básica de saúde namorado, localizada na rua luciano brochado do loteamento namorado, bairro parque atlântico, macaé/rj, com fornecimento de mão de obra, materiais e equipamentos necessários.",Outros,Rua luciano brochado do loteamento namorado,Parque Atlântico,2026-04-05T00:00:00Z,2026-11-30T00:00:00Z,Prefeitura Municipal de Macaé,3º Aditivo,Obras e Serviços de Engenharia,26116884/0001-38,Enge- Campos Construções Eireli,Secretaria Municipal De Saúde,Concorrência Pública,035/2023SEMINF,76385/2023,210 DIAS,210,1909289.73
009/2024SEMINF,"constitui objeto do presente instrumento a prorrogação de 270 (duzentos e setenta) dias de prazo contratual, e 180 (cento e oitenta) dias de execução de serviços, do contrato nº 009/2024-seminf, relativo à contratação de empresa especializada para construção de escola padrão infantil, localizada na rua zumbi dos palmares, parque aeroporto, macaé/rj, com fornecimento de mão de obra, materiais e equipamentos necessários,.",Educação,Rua zumbi dos palmares,,2026-02-01T00:00:00Z,2026-09-29T00:00:00Z,Prefeitura Municipal de Macaé,2º Aditivo,Obras e Serviços de Engenharia,08.298.136/0001-31,Rmkf  Construções E Projetos Ltda,Secretaria Municipal De Educação,Concorrência Pública,031/2023SEMINF,75426/2023,270 DIAS,270,9912597.56
006/2024SEMINF,"constitui objeto do presente instrumento a prorrogação do prazo de vigência do contrato nº 006/2024-seminf, referente à contratação de empresa especializada em elaboração de projeto de urbanização de assentamento precário na localidade ilha colônia leocádia, no bairro malvinas, macaé-rj.",Outros,,Malvinas,2026-04-20T00:00:00Z,2026-12-16T00:00:00Z,Prefeitura Municipal de Macaé,3º Aditivo,Obras e Serviços de Engenharia,54.013.681/0001-51,Consórcio  Engebio Urbanização  E  Projetos,Secretaria Municipal De Infraestrutura,Concorrência Pública,026/2023SEMINF,75683/2021,240 DIAS,240,4350706.36
051/2023SEMINF,"constitui objeto do presente instrumento a prorrogação de 300 (trezentos) dias de prazo contratual, e 300 (trezentos ) dias de execução dos serviços, bem como, o acréscimo no valor do contrato nº 051/2023-seminf, referente à contratação de empresa especializada em construção civil para infraestrutura da estrada portal do sana a cabeceira do sana, macaé/rj, com fornecimento de mão-de-obra, materiais e equipamentos",Construção,Estrada portal do sana a cabeceira do sana,,2026-09-01T00:00:00Z,2026-05-11T00:00:00Z,Prefeitura Municipal de Macaé,1º Aditivo,Obras e Serviços de Engenharia,52.221.094/0001-22,Consórcio Novo Sana,Secretaria Executiva De Obras,Concorrência Pública,010/2023SEMINF,75338/2023,300 DIAS,300,1.673113317E7
045/2023SEMINF,"constitui objeto do presente instrumento a prorrogação de 90 (noventa) dias de vigência contratual, do contrato nº 045/2023-seminf, relativo à contratação de empresa especializada em construção civil para construção de praça, quadra poliesportiva e cras (centro de referência da assistência social) localizados à avenida marechal rondom 390, bairro miramar. macaé/rj, com fornecimento de materiais, equipamentos e mão de obra.",Urbanização,Avenida marechal rondom 390,Miramar Macaé,2026-02-16T00:00:00Z,2026-05-17T00:00:00Z,Prefeitura Municipal de Macaé,4º Aditivo,Obras e Serviços de Engenharia,51.572.775/0001-72,Consórcio Construtech E Ello Soluções,Secretaria Executiva De Obras,Concorrência Pública,009/2023SEMINF,76403/2022,90 DIAS,90,7496890.7
027/2023SEMINF,"constitui objeto do presente instrumento a prorrogação do contrato nº 027/2023-seminf, relativo à contratação de empresa especializada em serviços de engenharia, visando a manutenção (preventiva e corretiva) e operação das estações de tratamento de esgoto (ete's), estações elevatórias e redes coletoras de esgoto, localizadas fora da área de concessão do contrato de parceria público privada (ppp) entre a prefeitura e a brk ambiental e dentro da área de concessão, porém em bairros ainda não assumidos pela concessionária, para atender as necessidades da secretaria municipal adjunta de saneamento.",Saneamento,,S Ainda Não Assumidos Pela Concessionária,2026-11-04T00:00:00Z,2027-10-04T00:00:00Z,Prefeitura Municipal de Macaé,4º Aditivo,Obras e Serviços de Engenharia,16.782207/0001-03,Llc Comércio E Empreendimentos Ltda,Secretaria Executiva De Saneamento,Concorrência Pública,035/2022SEMINF,75391/2022,12 MESES,12,5102893.94
026/2023SEMINF,"constitui objeto do presente instrumento a prorrogação do prazo de vigência do contrato nº 026/2023-seminf, referente à contratação de empresa especializada em construção civil para execução de serviços de manutenção dos equipamentos de proteção social básica, de média e de alta complexidade, do restaurante popular da aroeira e dos conselhos tutelares i, ii, e iii, da secretaria municipal de desenvolvimento social.",Construção,,,2026-01-04T00:00:00Z,2027-03-31T00:00:00Z,Prefeitura Municipal de Macaé,4º Aditivo,Obras e Serviços de Engenharia,42.822.589/0001-53,Consórcio Pfill Construção Civil,"Secretaria Municipal De Desenvolvimento Social, Direitos Humanos, Acessibilidade E Economia Solidária",Concorrência Pública,024/2022SEMINF,75345/2021,12 MESES,12,2657695.13
023/2023SEMINF,"constitui objeto do presente instrumento a prorrogação de 12 (doze) meses de prazo contratual, e, o reajuste no valor do contrato nº 023/2023-seminf, relativo à contratação de empresa especializada em construção civil para manutenção da unidade do macaeprev, localizado na rua tenente rui lopes ribeiro, n° 293, centro, macaé/rj, com fornecimento de mão-de-obra, materiais e equipamentos.",Construção,Rua tenente rui lopes ribeiro,,2026-03-23T00:00:00Z,2027-03-22T00:00:00Z,Prefeitura Municipal de Macaé,3º Aditivo,Obras e Serviços de Engenharia,22.918.026/0001-56,Gnv Motta Pinto Construções E Reformas Ltda - Me,Instituto De Previdência Dos Servidores Do Município De Macaé ? Macaeprev,Concorrência Pública,036/2022SEMINF,75411/2022,12 MESES,12,110108.52
022/2023SEMINF,"constitui objeto do presente instrumento a prorrogação de 150 (cento e cinquenta) dias de vigência de prazo contratual e 150 (cento e cinquenta) dias de prestação de serviços do contrato nº 022/2023-seminf, relativo à prestação de serviços técnicos de consultoria para o desenvolvimento dos estudos que subsidiarão a escolha do modelo ideal de gestão dos resíduos sólidos no município de macaé/rj.",Saúde,,,2026-04-25T00:00:00Z,2026-09-22T00:00:00Z,Prefeitura Municipal de Macaé,5º Aditivo,Obras e Serviços de Engenharia,01.208717/0001-96,Zíguia Engenharia Ltda,Secretaria Municipal De Infraestrutura,Pregão Eletrônico,019/2023,SEI-9719/2026,150 DIAS,150,396499.0
009/2023SEMINF,"constitui objeto do presente instrumento a prorrogação do prazo inicial do contrato nº 009/2023-seminf, referente à contratação de empresa especializada em serviços de engenharia, serviços de manutenção predial preventiva, corretiva e preditiva, com fornecimento de peças, materiais de consumo, insumos e mão de obra, nos sistemas, equipamentos e instalações prediais utilizados nos prédios das unidades de ensino do município de macaé- rj",Outros,,,2026-01-02T00:00:00Z,2027-01-31T00:00:00Z,Prefeitura Municipal de Macaé,4º Aditivo,Obras e Serviços de Engenharia,01.309.292/0001-01,Sercon  Construções Ltda,Secretaria Municipal De Educação,Concorrência Pública,031/2022SEMINF,75685/2021,12 MESES,12,3.241978208E7
009/2023SEMINF,"reajuste dos preços referente à 2ª (segunda) periodicidade (dezembro/2023 a dezembro/2024) do contrato administrativo nº 009/2023 - seminf, pela contratação de empresa especializada em serviços de engenharia, serviços de manutenção predial preventiva, corretiva e preditiva, com fornecimento de peças, materiais de consumo, insumos e mão de obra, nos sistemas, equipamentos e instalações prediais utilizados nos prédios das unidades de ensino do município de macaé- rj.",Outros,,,2026-04-05T00:00:00Z,2027-01-31T00:00:00Z,Prefeitura Municipal de Macaé,2º Termo de Apostilamento,Obras e Serviços de Engenharia,01.309.292/0001-01,Sercon  Construções Ltda,Secretaria Municipal De Educação,Concorrência Pública,931/2022SEMIMF,601326/2025,,,1439200.45
